-- ══════════════════════════════════════════════════════════════════════════
-- seedSecondary.sql — 12 additional investigators covering therapeutic areas
-- and signal mixes absent from seed.sql. Every row links back to an
-- investigators.id via resolved_investigator_id / resolved_author_ids /
-- resolved_investigator_ids so the multi-agent search can discover them.
-- ══════════════════════════════════════════════════════════════════════════

-- ── investigators (hub rows) ──────────────────────────────────────────────
insert into investigators (
  id, name, site_name, site_location, focus,
  enrollments, velocity_per_year, status, fit_score,
  score_trajectory, score_comparison, score_institutional, score_capacity
) values
  -- 1 Raman — US Alzheimer's
  ('e0000001-aaaa-bbbb-cccc-000000000001',
   'Dr. Priya Raman', 'Massachusetts General Hospital', 'Boston, MA, US',
   array['Phase 3', 'Neurology', 'Alzheimer''s'],
   310, 38, 'responsive', 91,
   84, 88, 93, 79),
  -- 2 Chen — US Cardiology / Heart failure
  ('e0000002-aaaa-bbbb-cccc-000000000002',
   'Dr. Marcus Chen', 'UCSF Medical Center', 'San Francisco, CA, US',
   array['Phase 3', 'Cardiology', 'Heart Failure'],
   198, 27, 'responsive', 85,
   72, 81, 89, 74),
  -- 3 Volkov — Russia AML (non-US, ICTRP-only)
  ('e0000003-aaaa-bbbb-cccc-000000000003',
   'Dr. Elena Volkov', 'N.N. Blokhin Cancer Research Center', 'Moscow, RU',
   array['Phase 2', 'Hematology', 'AML'],
   62, 14, 'pending', 66,
   68, 60, 72, 64),
  -- 4 Tanaka — Japan Gastric cancer HER2
  ('e0000004-aaaa-bbbb-cccc-000000000004',
   'Dr. Hiroshi Tanaka', 'National Cancer Center Hospital', 'Tokyo, JP',
   array['Phase 2', 'Oncology', 'Gastric Cancer'],
   134, 22, 'responsive', 82,
   79, 76, 85, 71),
  -- 5 Mbeki — South Africa HIV / PrEP
  ('e0000005-aaaa-bbbb-cccc-000000000005',
   'Dr. Aisha Mbeki', 'Desmond Tutu HIV Foundation', 'Cape Town, ZA',
   array['Phase 3', 'Infectious Disease', 'HIV'],
   2400, 410, 'responsive', 88,
   91, 85, 79, 88),
  -- 6 Patel — India T2 diabetes / GLP-1
  ('e0000006-aaaa-bbbb-cccc-000000000006',
   'Dr. Rajesh Patel', 'Kokilaben Dhirubhai Ambani Hospital', 'Mumbai, IN',
   array['Phase 3', 'Endocrinology', 'Type 2 Diabetes'],
   870, 145, 'responsive', 78,
   65, 80, 72, 83),
  -- 7 Goldberg — Israel Melanoma / checkpoint
  ('e0000007-aaaa-bbbb-cccc-000000000007',
   'Dr. Sarah Goldberg', 'Sheba Medical Center', 'Tel Aviv, IL',
   array['Phase 3', 'Oncology', 'Melanoma'],
   155, 21, 'responsive', 89,
   88, 84, 87, 76),
  -- 8 Okonkwo — US TBI / neurosurgery (carries a 483)
  ('e0000008-aaaa-bbbb-cccc-000000000008',
   'Dr. David Okonkwo', 'UPMC Presbyterian', 'Pittsburgh, PA, US',
   array['Phase 2', 'Neurology', 'Traumatic Brain Injury'],
   88, 12, 'overbooked', 63,
   55, 58, 74, 48),
  -- 9 Romano — Italy Multiple Sclerosis
  ('e0000009-aaaa-bbbb-cccc-000000000009',
   'Dr. Isabella Romano', 'Ospedale San Raffaele', 'Milan, IT',
   array['Phase 3', 'Neurology', 'Multiple Sclerosis'],
   172, 24, 'responsive', 84,
   77, 80, 86, 75),
  -- 10 Zhang — China HCC liver cancer
  ('e000000a-aaaa-bbbb-cccc-00000000000a',
   'Dr. Wei Zhang', 'Fudan University Shanghai Cancer Center', 'Shanghai, CN',
   array['Phase 3', 'Oncology', 'Hepatocellular Carcinoma'],
   225, 34, 'responsive', 81,
   70, 78, 82, 80),
  -- 11 Thompson — UK Lupus / rheumatology
  ('e000000b-aaaa-bbbb-cccc-00000000000b',
   'Dr. Emma Thompson', 'Imperial College Healthcare NHS Trust', 'London, GB',
   array['Phase 3', 'Rheumatology', 'Systemic Lupus Erythematosus'],
   118, 18, 'responsive', 80,
   74, 73, 83, 72),
  -- 12 Mendoza — Brazil Pediatric neuroblastoma
  ('e000000c-aaaa-bbbb-cccc-00000000000c',
   'Dr. Carlos Mendoza', 'A.C. Camargo Cancer Center', 'São Paulo, BR',
   array['Phase 2', 'Pediatric Oncology', 'Neuroblastoma'],
   54, 9, 'pending', 71,
   83, 65, 70, 69);

-- ── clinicaltrials_studies (US / NCT registrations) ──────────────────────
insert into clinicaltrials_studies (
  nct_id, brief_title, official_title, phase, overall_status, sponsor,
  responsible_party_type, conditions, interventions, enrollment_count,
  enrollment_type, start_date, primary_completion_date, study_type,
  is_regeneron, raw_json
) values
  ('NCT06100001',
   'Lecanemab Long-Term in Early Alzheimer''s',
   'Phase 3 Open-Label Extension of Lecanemab (BAN2401) in Early Alzheimer''s Disease',
   'Phase 3', 'Active, not recruiting', 'Eisai Inc.',
   'Sponsor', array['Alzheimer''s Disease','Early Alzheimer''s','Mild Cognitive Impairment'],
   array['Lecanemab','Placebo'],
   1800, 'Actual', '2023-01-15', '2027-06-30', 'Interventional',
   false, '{"lead_sponsor":"Eisai","co_sponsor":"Biogen"}'::jsonb),
  ('NCT06100002',
   'Dapagliflozin in HFpEF (DELIVER-EXT)',
   'A Phase 3 Extension Study of Dapagliflozin in Heart Failure with Preserved Ejection Fraction',
   'Phase 3', 'Recruiting', 'AstraZeneca',
   'Sponsor', array['Heart Failure','HFpEF','Chronic Heart Failure'],
   array['Dapagliflozin','Placebo'],
   2100, 'Anticipated', '2024-02-01', '2027-12-01', 'Interventional',
   false, '{"lead_sponsor":"AstraZeneca"}'::jsonb),
  ('NCT06100008',
   'Progesterone in Acute Severe TBI',
   'Phase 2 Study of IV Progesterone in Acute Severe Traumatic Brain Injury',
   'Phase 2', 'Recruiting', 'BHR Pharma',
   'Sponsor', array['Traumatic Brain Injury','Severe TBI','Brain Injury'],
   array['Progesterone IV','Placebo'],
   220, 'Anticipated', '2023-11-10', '2026-08-15', 'Interventional',
   false, '{"lead_sponsor":"BHR Pharma"}'::jsonb);

-- ── clinicaltrials_investigators (US PI/contact roles) ───────────────────
insert into clinicaltrials_investigators (
  nct_id, full_name, role, affiliation, facility_name,
  city, state, country, zip, email, phone, resolved_investigator_id
) values
  ('NCT06100001', 'Dr. Priya Raman', 'PRINCIPAL_INVESTIGATOR',
   'Massachusetts General Hospital', 'Massachusetts General Hospital',
   'Boston', 'MA', 'US', '02114', 'praman@mgh.example', '+1-617-555-0101',
   'e0000001-aaaa-bbbb-cccc-000000000001'),
  ('NCT06100002', 'Dr. Marcus Chen', 'PRINCIPAL_INVESTIGATOR',
   'UCSF Medical Center', 'UCSF Medical Center',
   'San Francisco', 'CA', 'US', '94143', 'marcus.chen@ucsf.example', '+1-415-555-0202',
   'e0000002-aaaa-bbbb-cccc-000000000002'),
  ('NCT06100008', 'Dr. David Okonkwo', 'PRINCIPAL_INVESTIGATOR',
   'UPMC Presbyterian', 'UPMC Presbyterian',
   'Pittsburgh', 'PA', 'US', '15213', 'okonkwod@upmc.example', '+1-412-555-0808',
   'e0000008-aaaa-bbbb-cccc-000000000008');

-- ── ictrp_trials (non-US / international registries) ─────────────────────
insert into ictrp_trials (
  ictrp_id, source_registry, public_title, scientific_title, study_type,
  phase, overall_status, condition, intervention, primary_sponsor,
  countries, primary_contact_name, primary_contact_email,
  date_registration, date_enrolling, target_size, resolved_investigator_id
) values
  ('RUSCTR-2024-AML-001', 'RUSCTR',
   'Midostaurin + Chemo in FLT3-mutant AML (Russia)',
   'Phase 2 Study of Midostaurin in Newly Diagnosed FLT3-ITD+ Acute Myeloid Leukemia',
   'Interventional', 'Phase 2', 'Recruiting',
   'Acute Myeloid Leukemia', 'Midostaurin + 7+3 induction', 'N.N. Blokhin Cancer Research Center',
   array['RU'], 'Dr. Elena Volkov', 'volkov@blokhin.example',
   '2024-02-10', '2024-04-01', 80,
   'e0000003-aaaa-bbbb-cccc-000000000003'),
  ('JPRN-JapicCTI-2024-0041', 'JPRN',
   'T-DXd in HER2-Low Advanced Gastric Cancer',
   'Phase 2 Study of Trastuzumab Deruxtecan in HER2-Low Unresectable Gastric/GEJ Adenocarcinoma',
   'Interventional', 'Phase 2', 'Recruiting',
   'Gastric Cancer', 'Trastuzumab deruxtecan (T-DXd)', 'Daiichi Sankyo',
   array['JP'], 'Dr. Hiroshi Tanaka', 'tanaka@ncc.example',
   '2024-01-20', '2024-03-05', 150,
   'e0000004-aaaa-bbbb-cccc-000000000004'),
  ('PACTR202311-HIV-CAB', 'PACTR',
   'Long-Acting Cabotegravir PrEP in Sub-Saharan Africa',
   'Phase 3 Implementation Study of CAB-LA for HIV Pre-exposure Prophylaxis',
   'Interventional', 'Phase 3', 'Recruiting',
   'HIV Prevention', 'Cabotegravir long-acting injectable', 'Desmond Tutu HIV Foundation',
   array['ZA','KE','UG','BW'], 'Dr. Aisha Mbeki', 'mbeki@dthf.example',
   '2023-11-03', '2024-01-15', 3200,
   'e0000005-aaaa-bbbb-cccc-000000000005'),
  ('CTRI-2024-03-065432', 'CTRI',
   'Oral Semaglutide in T2D South Asian Cohort',
   'Phase 3b Real-World Study of Oral Semaglutide in South Asian Adults with Type 2 Diabetes',
   'Interventional', 'Phase 3', 'Recruiting',
   'Type 2 Diabetes Mellitus', 'Oral semaglutide 14mg', 'Novo Nordisk',
   array['IN'], 'Dr. Rajesh Patel', 'patel@kokilaben.example',
   '2024-03-12', '2024-05-01', 1200,
   'e0000006-aaaa-bbbb-cccc-000000000006'),
  ('IL-MOH-2023-MEL-220', 'ILMOH',
   'Nivolumab + Relatlimab in Advanced Melanoma',
   'Phase 3 Registry Study of Nivolumab+Relatlimab in BRAF-wildtype Metastatic Melanoma',
   'Interventional', 'Phase 3', 'Active, not recruiting',
   'Metastatic Melanoma', 'Nivolumab + Relatlimab (Opdualag)', 'Bristol-Myers Squibb',
   array['IL'], 'Dr. Sarah Goldberg', 'goldberg@sheba.example',
   '2023-06-14', '2023-08-20', 180,
   'e0000007-aaaa-bbbb-cccc-000000000007'),
  ('EUCTR2023-MS-IT-004', 'EUCTR',
   'Ocrelizumab in Primary Progressive MS — Italian Cohort',
   'Phase 3b Long-Term Effectiveness of Ocrelizumab in Primary Progressive Multiple Sclerosis',
   'Interventional', 'Phase 3', 'Recruiting',
   'Multiple Sclerosis', 'Ocrelizumab (Ocrevus)', 'F. Hoffmann-La Roche',
   array['IT','FR','DE','ES'], 'Dr. Isabella Romano', 'romano@hsr.example',
   '2023-09-01', '2023-11-20', 260,
   'e0000009-aaaa-bbbb-cccc-000000000009'),
  ('ChiCTR2400080112', 'ChiCTR',
   'Atezolizumab + Bevacizumab First-Line HCC',
   'Phase 3 Study of Atezolizumab Plus Bevacizumab in Chinese Patients with Unresectable HCC',
   'Interventional', 'Phase 3', 'Recruiting',
   'Hepatocellular Carcinoma', 'Atezolizumab + Bevacizumab', 'F. Hoffmann-La Roche',
   array['CN'], 'Dr. Wei Zhang', 'zhangw@fudan.example',
   '2024-01-08', '2024-02-28', 420,
   'e000000a-aaaa-bbbb-cccc-00000000000a'),
  ('EUCTR2023-SLE-UK-011', 'EUCTR',
   'Anifrolumab in Moderate-to-Severe SLE — TULIP-UK',
   'Phase 3 Study of Anifrolumab in Moderate-to-Severe Systemic Lupus Erythematosus',
   'Interventional', 'Phase 3', 'Recruiting',
   'Systemic Lupus Erythematosus', 'Anifrolumab (Saphnelo)', 'AstraZeneca',
   array['GB','IE','NL'], 'Dr. Emma Thompson', 'e.thompson@imperial.example',
   '2023-10-11', '2023-12-05', 210,
   'e000000b-aaaa-bbbb-cccc-00000000000b'),
  ('REBEC-RBR-7xk2pq', 'REBEC',
   'Dinutuximab Beta in High-Risk Pediatric Neuroblastoma',
   'Phase 2 Study of Dinutuximab Beta (Anti-GD2) in Children with High-Risk Neuroblastoma',
   'Interventional', 'Phase 2', 'Recruiting',
   'Neuroblastoma', 'Dinutuximab beta (anti-GD2 mAb)', 'EUSA Pharma',
   array['BR','AR','MX'], 'Dr. Carlos Mendoza', 'mendoza@accamargo.example',
   '2023-12-02', '2024-02-10', 45,
   'e000000c-aaaa-bbbb-cccc-00000000000c');

-- ── openalex_authors ─────────────────────────────────────────────────────
insert into openalex_authors (
  openalex_id, display_name, orcid, works_count, cited_by_count, h_index, i10_index,
  last_known_institution_name, last_known_institution_country,
  concepts, two_year_mean_citedness, resolved_investigator_id
) values
  ('A6100000001', 'Priya Raman', '0000-0003-1001-0001',
   112, 9840, 48, 82, 'Massachusetts General Hospital', 'US',
   '[{"concept":"Alzheimer''s disease","score":0.94},{"concept":"Anti-amyloid therapy","score":0.87},{"concept":"Cognitive decline","score":0.72}]'::jsonb,
   8.2, 'e0000001-aaaa-bbbb-cccc-000000000001'),
  ('A6100000002', 'Marcus Chen', '0000-0003-1001-0002',
   89, 6210, 36, 58, 'UCSF Medical Center', 'US',
   '[{"concept":"Heart failure","score":0.91},{"concept":"SGLT2 inhibitor","score":0.82},{"concept":"HFpEF","score":0.77}]'::jsonb,
   6.9, 'e0000002-aaaa-bbbb-cccc-000000000002'),
  ('A6100000003', 'Elena Volkov', '0000-0003-1001-0003',
   44, 1850, 22, 31, 'N.N. Blokhin Cancer Research Center', 'RU',
   '[{"concept":"Acute myeloid leukemia","score":0.89},{"concept":"FLT3 mutation","score":0.81},{"concept":"Midostaurin","score":0.68}]'::jsonb,
   4.3, 'e0000003-aaaa-bbbb-cccc-000000000003'),
  ('A6100000004', 'Hiroshi Tanaka', '0000-0003-1001-0004',
   71, 4520, 33, 49, 'National Cancer Center Hospital', 'JP',
   '[{"concept":"Gastric cancer","score":0.92},{"concept":"HER2","score":0.85},{"concept":"Trastuzumab deruxtecan","score":0.78}]'::jsonb,
   5.8, 'e0000004-aaaa-bbbb-cccc-000000000004'),
  ('A6100000005', 'Aisha Mbeki', '0000-0003-1001-0005',
   96, 12400, 52, 77, 'Desmond Tutu HIV Foundation', 'ZA',
   '[{"concept":"HIV prevention","score":0.95},{"concept":"Pre-exposure prophylaxis","score":0.89},{"concept":"Cabotegravir","score":0.74}]'::jsonb,
   9.1, 'e0000005-aaaa-bbbb-cccc-000000000005'),
  ('A6100000006', 'Rajesh Patel', '0000-0003-1001-0006',
   54, 2980, 25, 38, 'Kokilaben Dhirubhai Ambani Hospital', 'IN',
   '[{"concept":"Type 2 diabetes","score":0.91},{"concept":"GLP-1 receptor agonist","score":0.88},{"concept":"Semaglutide","score":0.70}]'::jsonb,
   5.1, 'e0000006-aaaa-bbbb-cccc-000000000006'),
  ('A6100000007', 'Sarah Goldberg', '0000-0003-1001-0007',
   83, 7150, 41, 62, 'Sheba Medical Center', 'IL',
   '[{"concept":"Melanoma","score":0.93},{"concept":"Immune checkpoint inhibitor","score":0.86},{"concept":"Nivolumab","score":0.79}]'::jsonb,
   7.4, 'e0000007-aaaa-bbbb-cccc-000000000007'),
  ('A6100000008', 'David Okonkwo', '0000-0003-1001-0008',
   67, 3420, 30, 45, 'UPMC Presbyterian', 'US',
   '[{"concept":"Traumatic brain injury","score":0.90},{"concept":"Neurosurgery","score":0.82},{"concept":"Intracranial pressure","score":0.71}]'::jsonb,
   4.7, 'e0000008-aaaa-bbbb-cccc-000000000008'),
  ('A6100000009', 'Isabella Romano', '0000-0003-1001-0009',
   78, 5210, 34, 52, 'Ospedale San Raffaele', 'IT',
   '[{"concept":"Multiple sclerosis","score":0.94},{"concept":"Ocrelizumab","score":0.81},{"concept":"Demyelinating disease","score":0.76}]'::jsonb,
   6.3, 'e0000009-aaaa-bbbb-cccc-000000000009'),
  ('A610000000A', 'Wei Zhang', '0000-0003-1001-000A',
   102, 8090, 39, 68, 'Fudan University Shanghai Cancer Center', 'CN',
   '[{"concept":"Hepatocellular carcinoma","score":0.91},{"concept":"Atezolizumab","score":0.83},{"concept":"Liver cancer","score":0.86}]'::jsonb,
   6.7, 'e000000a-aaaa-bbbb-cccc-00000000000a'),
  ('A610000000B', 'Emma Thompson', '0000-0003-1001-000B',
   65, 4480, 29, 46, 'Imperial College Healthcare NHS Trust', 'GB',
   '[{"concept":"Systemic lupus erythematosus","score":0.90},{"concept":"Anifrolumab","score":0.82},{"concept":"Rheumatology","score":0.77}]'::jsonb,
   5.6, 'e000000b-aaaa-bbbb-cccc-00000000000b'),
  ('A610000000C', 'Carlos Mendoza', '0000-0003-1001-000C',
   38, 1640, 19, 27, 'A.C. Camargo Cancer Center', 'BR',
   '[{"concept":"Neuroblastoma","score":0.93},{"concept":"Pediatric oncology","score":0.88},{"concept":"GD2 antibody","score":0.74}]'::jsonb,
   4.0, 'e000000c-aaaa-bbbb-cccc-00000000000c');

-- ── pubmed_articles ──────────────────────────────────────────────────────
insert into pubmed_articles (
  pubmed_id, doi, title, abstract, journal, volume, issue, pub_date, pub_year,
  authors_raw, mesh_terms, indication_tags, citation_count, resolved_author_ids
) values
  ('39100001', '10.1056/NEJMraman.2024.001',
   'Lecanemab in Early Alzheimer''s Disease: 36-Month Extension Results',
   'Extension data from the Clarity-AD trial show sustained slowing of clinical decline in patients treated with lecanemab for anti-amyloid therapy...',
   'New England Journal of Medicine', '391', '4', '2024 Jul 25', 2024,
   '[{"name":"Raman P","affiliation":"Massachusetts General Hospital","orcid":"0000-0003-1001-0001"}]'::jsonb,
   array['Alzheimer Disease','Amyloid beta-Peptides','Immunotherapy'],
   array['Alzheimer''s Disease','anti-amyloid','lecanemab'],
   312, array['e0000001-aaaa-bbbb-cccc-000000000001']),
  ('39100002', '10.1016/jacc.2024.002',
   'Dapagliflozin in HFpEF: Pooled Efficacy Across Ejection Fraction Spectrum',
   'Pooled analysis of DELIVER and DELIVER-EXT cohorts demonstrates benefit of SGLT2 inhibition across the HFpEF ejection fraction spectrum...',
   'Journal of the American College of Cardiology', '83', '12', '2024 Mar 19', 2024,
   '[{"name":"Chen M","affiliation":"UCSF Medical Center","orcid":"0000-0003-1001-0002"}]'::jsonb,
   array['Heart Failure','Sodium-Glucose Transporter 2 Inhibitors','Ventricular Function'],
   array['heart failure','HFpEF','dapagliflozin','SGLT2'],
   178, array['e0000002-aaaa-bbbb-cccc-000000000002']),
  ('39100003', '10.1182/blood.2024.003',
   'Midostaurin plus Intensive Chemotherapy in FLT3-ITD AML: Russian Multicenter Experience',
   'Real-world outcomes from Russian centers show that midostaurin added to 7+3 induction improves survival in newly diagnosed FLT3-ITD AML...',
   'Blood', '143', '9', '2024 Feb 29', 2024,
   '[{"name":"Volkov E","affiliation":"Blokhin Cancer Research Center","orcid":"0000-0003-1001-0003"}]'::jsonb,
   array['Leukemia, Myeloid, Acute','fms-Like Tyrosine Kinase 3','Protein Kinase Inhibitors'],
   array['AML','FLT3','midostaurin'],
   64, array['e0000003-aaaa-bbbb-cccc-000000000003']),
  ('39100004', '10.1200/JCO.2024.004',
   'Trastuzumab Deruxtecan in HER2-Low Gastric Cancer: DESTINY-Gastric02 Asian Subset',
   'Efficacy of T-DXd in patients with HER2-low unresectable or metastatic gastric or GEJ adenocarcinoma from Japanese and Korean centers...',
   'Journal of Clinical Oncology', '42', '14', '2024 May 10', 2024,
   '[{"name":"Tanaka H","affiliation":"National Cancer Center Hospital","orcid":"0000-0003-1001-0004"}]'::jsonb,
   array['Stomach Neoplasms','Receptor, ErbB-2','Antibody-Drug Conjugates'],
   array['gastric cancer','HER2-low','trastuzumab deruxtecan','T-DXd'],
   96, array['e0000004-aaaa-bbbb-cccc-000000000004']),
  ('39100005', '10.1016/S2352-3018(24)00005-8',
   'Long-Acting Cabotegravir for HIV PrEP in Sub-Saharan Africa: HPTN 084 Rollout',
   'Real-world implementation data on cabotegravir long-acting injectable for HIV pre-exposure prophylaxis across South African, Kenyan, and Ugandan sites...',
   'The Lancet HIV', '11', '6', '2024 Jun 01', 2024,
   '[{"name":"Mbeki A","affiliation":"Desmond Tutu HIV Foundation","orcid":"0000-0003-1001-0005"}]'::jsonb,
   array['HIV Infections','Pre-Exposure Prophylaxis','Anti-HIV Agents'],
   array['HIV','PrEP','cabotegravir','sub-Saharan Africa'],
   201, array['e0000005-aaaa-bbbb-cccc-000000000005']),
  ('39100006', '10.2337/dc24-006',
   'Oral Semaglutide in South Asian Adults with Type 2 Diabetes: Real-World Effectiveness',
   'Twenty-four-month real-world data on oral semaglutide 14mg in South Asian patients with Type 2 diabetes show significant HbA1c and weight reductions...',
   'Diabetes Care', '47', '7', '2024 Jul 01', 2024,
   '[{"name":"Patel R","affiliation":"Kokilaben Hospital","orcid":"0000-0003-1001-0006"}]'::jsonb,
   array['Diabetes Mellitus, Type 2','Glucagon-Like Peptide-1 Receptor','Hypoglycemic Agents'],
   array['Type 2 diabetes','GLP-1','semaglutide','South Asia'],
   58, array['e0000006-aaaa-bbbb-cccc-000000000006']),
  ('39100007', '10.1056/NEJMgoldberg.2024.007',
   'Nivolumab plus Relatlimab in BRAF-Wildtype Metastatic Melanoma: RELATIVITY-047 Long-Term',
   'Extended follow-up of RELATIVITY-047 shows sustained benefit of nivolumab plus relatlimab over nivolumab alone in first-line BRAF-wildtype metastatic melanoma...',
   'New England Journal of Medicine', '390', '22', '2024 May 30', 2024,
   '[{"name":"Goldberg S","affiliation":"Sheba Medical Center","orcid":"0000-0003-1001-0007"}]'::jsonb,
   array['Melanoma','Immune Checkpoint Inhibitors','Antibodies, Monoclonal'],
   array['melanoma','nivolumab','relatlimab','checkpoint inhibitor'],
   155, array['e0000007-aaaa-bbbb-cccc-000000000007']),
  ('39100008', '10.1089/neu.2024.008',
   'Intravenous Progesterone in Severe Traumatic Brain Injury: Phase 2 Safety Analysis',
   'Phase 2 safety and pharmacokinetic data on IV progesterone in severe TBI patients at a single US Level I trauma center...',
   'Journal of Neurotrauma', '41', '15', '2024 Aug 01', 2024,
   '[{"name":"Okonkwo D","affiliation":"UPMC Presbyterian","orcid":"0000-0003-1001-0008"}]'::jsonb,
   array['Brain Injuries, Traumatic','Progesterone','Neuroprotection'],
   array['traumatic brain injury','TBI','progesterone','neuroprotection'],
   42, array['e0000008-aaaa-bbbb-cccc-000000000008']),
  ('39100009', '10.1016/S1474-4422(24)00009-X',
   'Ocrelizumab in Primary Progressive MS: Italian Real-World Six-Year Follow-Up',
   'Six-year real-world outcomes from Italian San Raffaele MS cohort on ocrelizumab for primary progressive multiple sclerosis...',
   'The Lancet Neurology', '23', '9', '2024 Sep 01', 2024,
   '[{"name":"Romano I","affiliation":"Ospedale San Raffaele","orcid":"0000-0003-1001-0009"}]'::jsonb,
   array['Multiple Sclerosis, Chronic Progressive','Antibodies, Monoclonal, Humanized','Immunologic Factors'],
   array['multiple sclerosis','PPMS','ocrelizumab'],
   89, array['e0000009-aaaa-bbbb-cccc-000000000009']),
  ('39100010', '10.1016/S1470-2045(24)00010-2',
   'Atezolizumab plus Bevacizumab in Chinese Patients with Unresectable HCC: IMbrave150 China Extension',
   'Chinese-specific efficacy and safety outcomes of atezolizumab plus bevacizumab versus sorafenib in unresectable hepatocellular carcinoma...',
   'The Lancet Oncology', '25', '8', '2024 Aug 01', 2024,
   '[{"name":"Zhang W","affiliation":"Fudan University Shanghai Cancer Center","orcid":"0000-0003-1001-000A"}]'::jsonb,
   array['Carcinoma, Hepatocellular','Liver Neoplasms','Antibodies, Monoclonal, Humanized'],
   array['HCC','hepatocellular carcinoma','atezolizumab','bevacizumab'],
   124, array['e000000a-aaaa-bbbb-cccc-00000000000a']),
  ('39100011', '10.1056/NEJMthompson.2024.011',
   'Anifrolumab in Moderate-to-Severe Systemic Lupus Erythematosus: TULIP-UK Four-Year Results',
   'Four-year efficacy and safety data on anifrolumab in moderate-to-severe SLE from UK and Northern European centers...',
   'New England Journal of Medicine', '391', '10', '2024 Oct 03', 2024,
   '[{"name":"Thompson E","affiliation":"Imperial College","orcid":"0000-0003-1001-000B"}]'::jsonb,
   array['Lupus Erythematosus, Systemic','Interferon Type I','Antibodies, Monoclonal, Humanized'],
   array['systemic lupus erythematosus','SLE','anifrolumab','rheumatology'],
   76, array['e000000b-aaaa-bbbb-cccc-00000000000b']),
  ('39100012', '10.1200/JCO.2024.012',
   'Dinutuximab Beta in High-Risk Neuroblastoma: Brazilian Compassionate-Use Cohort',
   'Outcomes in Brazilian children with high-risk neuroblastoma treated with dinutuximab beta (anti-GD2) via compassionate-use program...',
   'Journal of Clinical Oncology', '42', '20', '2024 Jul 10', 2024,
   '[{"name":"Mendoza C","affiliation":"A.C. Camargo Cancer Center","orcid":"0000-0003-1001-000C"}]'::jsonb,
   array['Neuroblastoma','Antibodies, Monoclonal','Pediatrics'],
   array['neuroblastoma','pediatric oncology','GD2','dinutuximab beta'],
   51, array['e000000c-aaaa-bbbb-cccc-00000000000c']);

-- ── openalex_works (mirror of pubmed rows) ───────────────────────────────
insert into openalex_works (
  openalex_id, doi, pubmed_id, title, pub_year, journal_name,
  cited_by_count, author_openalex_ids, concepts
) values
  ('W5100000001', '10.1056/NEJMraman.2024.001', '39100001',
   'Lecanemab in Early Alzheimer''s Disease: 36-Month Extension Results',
   2024, 'New England Journal of Medicine', 312,
   array['A6100000001'],
   '[{"concept":"Alzheimer''s disease"},{"concept":"Lecanemab"}]'::jsonb),
  ('W5100000002', '10.1016/jacc.2024.002', '39100002',
   'Dapagliflozin in HFpEF: Pooled Efficacy Across Ejection Fraction Spectrum',
   2024, 'Journal of the American College of Cardiology', 178,
   array['A6100000002'],
   '[{"concept":"Heart failure"},{"concept":"Dapagliflozin"}]'::jsonb),
  ('W5100000003', '10.1182/blood.2024.003', '39100003',
   'Midostaurin plus Intensive Chemotherapy in FLT3-ITD AML',
   2024, 'Blood', 64,
   array['A6100000003'],
   '[{"concept":"AML"},{"concept":"FLT3"},{"concept":"Midostaurin"}]'::jsonb),
  ('W5100000004', '10.1200/JCO.2024.004', '39100004',
   'Trastuzumab Deruxtecan in HER2-Low Gastric Cancer',
   2024, 'Journal of Clinical Oncology', 96,
   array['A6100000004'],
   '[{"concept":"Gastric cancer"},{"concept":"HER2"},{"concept":"T-DXd"}]'::jsonb),
  ('W5100000005', '10.1016/S2352-3018(24)00005-8', '39100005',
   'Long-Acting Cabotegravir for HIV PrEP in Sub-Saharan Africa',
   2024, 'The Lancet HIV', 201,
   array['A6100000005'],
   '[{"concept":"HIV"},{"concept":"Cabotegravir"},{"concept":"PrEP"}]'::jsonb),
  ('W5100000006', '10.2337/dc24-006', '39100006',
   'Oral Semaglutide in South Asian Adults with Type 2 Diabetes',
   2024, 'Diabetes Care', 58,
   array['A6100000006'],
   '[{"concept":"Type 2 diabetes"},{"concept":"Semaglutide"}]'::jsonb),
  ('W5100000007', '10.1056/NEJMgoldberg.2024.007', '39100007',
   'Nivolumab plus Relatlimab in BRAF-Wildtype Metastatic Melanoma',
   2024, 'New England Journal of Medicine', 155,
   array['A6100000007'],
   '[{"concept":"Melanoma"},{"concept":"Nivolumab"},{"concept":"Relatlimab"}]'::jsonb),
  ('W5100000008', '10.1089/neu.2024.008', '39100008',
   'Intravenous Progesterone in Severe TBI: Phase 2 Safety',
   2024, 'Journal of Neurotrauma', 42,
   array['A6100000008'],
   '[{"concept":"Traumatic brain injury"},{"concept":"Progesterone"}]'::jsonb),
  ('W5100000009', '10.1016/S1474-4422(24)00009-X', '39100009',
   'Ocrelizumab in Primary Progressive MS: Italian Cohort',
   2024, 'The Lancet Neurology', 89,
   array['A6100000009'],
   '[{"concept":"Multiple sclerosis"},{"concept":"Ocrelizumab"}]'::jsonb),
  ('W510000000A', '10.1016/S1470-2045(24)00010-2', '39100010',
   'Atezolizumab plus Bevacizumab in Chinese Patients with HCC',
   2024, 'The Lancet Oncology', 124,
   array['A610000000A'],
   '[{"concept":"Hepatocellular carcinoma"},{"concept":"Atezolizumab"}]'::jsonb),
  ('W510000000B', '10.1056/NEJMthompson.2024.011', '39100011',
   'Anifrolumab in Moderate-to-Severe SLE',
   2024, 'New England Journal of Medicine', 76,
   array['A610000000B'],
   '[{"concept":"SLE"},{"concept":"Anifrolumab"}]'::jsonb),
  ('W510000000C', '10.1200/JCO.2024.012', '39100012',
   'Dinutuximab Beta in Brazilian High-Risk Neuroblastoma',
   2024, 'Journal of Clinical Oncology', 51,
   array['A610000000C'],
   '[{"concept":"Neuroblastoma"},{"concept":"Dinutuximab"}]'::jsonb);

-- ── npi_providers (US only: Raman, Chen, Okonkwo) ────────────────────────
insert into npi_providers (
  npi, provider_type, name_last, name_first, name_middle, name_credential,
  gender, enumeration_date, last_updated, deactivation_date,
  primary_taxonomy, taxonomy_desc,
  practice_address_1, practice_city, practice_state, practice_zip, practice_country,
  practice_phone, is_oncology, resolved_investigator_id
) values
  ('2100000001', '1', 'Raman', 'Priya', 'S', 'MD, PhD',
   'F', '2012-09-20', '2024-05-02', null,
   '2084N0400X', 'Neurology',
   '55 Fruit St', 'Boston', 'MA', '02114', 'US',
   '+1-617-555-0101', false, 'e0000001-aaaa-bbbb-cccc-000000000001'),
  ('2100000002', '1', 'Chen', 'Marcus', 'L', 'MD',
   'M', '2009-04-11', '2024-03-18', null,
   '207RC0000X', 'Cardiovascular Disease',
   '505 Parnassus Ave', 'San Francisco', 'CA', '94143', 'US',
   '+1-415-555-0202', false, 'e0000002-aaaa-bbbb-cccc-000000000002'),
  ('2100000008', '1', 'Okonkwo', 'David', 'O', 'MD, PhD',
   'M', '2005-11-30', '2024-02-14', null,
   '207T00000X', 'Neurological Surgery',
   '200 Lothrop St', 'Pittsburgh', 'PA', '15213', 'US',
   '+1-412-555-0808', false, 'e0000008-aaaa-bbbb-cccc-000000000008');

-- ── fda_bmis (US IND submissions: Raman, Chen, Okonkwo) ──────────────────
insert into fda_bmis (
  bmis_id, full_name, entity_type,
  address_line_1, address_line_2, city, state, zip, country,
  ind_number, submission_type, sponsor, receipt_date,
  study_drug, indication, resolved_investigator_id
) values
  ('BMIS-2024-21001', 'Raman, Priya S', 'Clinical Investigator',
   '55 Fruit St', null, 'Boston', 'MA', '02114', 'US',
   'IND-203410', '1572', 'Eisai Inc.', '2024-01-22',
   'Lecanemab (BAN2401)', 'Early Alzheimer''s Disease',
   'e0000001-aaaa-bbbb-cccc-000000000001'),
  ('BMIS-2024-21002', 'Chen, Marcus L', 'Clinical Investigator',
   '505 Parnassus Ave', null, 'San Francisco', 'CA', '94143', 'US',
   'IND-204220', '1572', 'AstraZeneca', '2024-02-18',
   'Dapagliflozin', 'Heart Failure with Preserved Ejection Fraction',
   'e0000002-aaaa-bbbb-cccc-000000000002'),
  ('BMIS-2023-20880', 'Okonkwo, David O', 'Clinical Investigator',
   '200 Lothrop St', null, 'Pittsburgh', 'PA', '15213', 'US',
   'IND-198765', '1572', 'BHR Pharma', '2023-10-07',
   'Progesterone IV', 'Severe Traumatic Brain Injury',
   'e0000008-aaaa-bbbb-cccc-000000000008');

-- ── fda_483_letters (negative signal: Okonkwo only) ──────────────────────
insert into fda_483_letters (
  subject, company_name, issuing_office, letter_date, letter_url, letter_type,
  investigator_names_extracted, observations, resolved_investigator_ids
) values
  ('Clinical Investigator — UPMC Presbyterian',
   'UPMC Presbyterian',
   'Center for Drug Evaluation and Research',
   '2023-05-22',
   'https://www.fda.gov/example/483/upmc-okonkwo-2023.pdf',
   '483 Observation Letter',
   array['David Okonkwo'],
   array['Protocol deviation not reported within required window','Incomplete drug accountability records for two subjects'],
   array['e0000008-aaaa-bbbb-cccc-000000000008']);

-- ── cms_open_payments (US only: Raman, Chen, Okonkwo) ────────────────────
insert into cms_open_payments (
  record_id, payment_year, covered_recipient_type,
  physician_npi, physician_name_first, physician_name_last, physician_specialty,
  recipient_state, recipient_country, paying_entity, nature_of_payment,
  total_amount, payment_form, drug_or_biological_name, resolved_investigator_id
) values
  ('OP-2023-21010001', 2023, 'Covered Recipient Physician',
   '2100000001', 'Priya', 'Raman', 'Neurology',
   'MA', 'US', 'Eisai Inc.', 'Research',
   128400.00, 'Cash or cash equivalent', 'Lecanemab',
   'e0000001-aaaa-bbbb-cccc-000000000001'),
  ('OP-2023-21010002', 2023, 'Covered Recipient Physician',
   '2100000001', 'Priya', 'Raman', 'Neurology',
   'MA', 'US', 'Biogen', 'Consulting Fee',
   18500.00, 'Cash or cash equivalent', 'Aduhelm',
   'e0000001-aaaa-bbbb-cccc-000000000001'),
  ('OP-2023-21020001', 2023, 'Covered Recipient Physician',
   '2100000002', 'Marcus', 'Chen', 'Cardiovascular Disease',
   'CA', 'US', 'AstraZeneca', 'Research',
   96300.00, 'Cash or cash equivalent', 'Dapagliflozin',
   'e0000002-aaaa-bbbb-cccc-000000000002'),
  ('OP-2023-21080001', 2023, 'Covered Recipient Physician',
   '2100000008', 'David', 'Okonkwo', 'Neurological Surgery',
   'PA', 'US', 'BHR Pharma', 'Research',
   54200.00, 'Cash or cash equivalent', 'Progesterone IV',
   'e0000008-aaaa-bbbb-cccc-000000000008');

-- ── identity_resolution_matches (audit trail) ────────────────────────────
insert into identity_resolution_matches (
  investigator_id, source_table, source_record_id, confidence, match_method
) values
  ('e0000001-aaaa-bbbb-cccc-000000000001', 'clinicaltrials_investigators', 'NCT06100001:Raman', 0.99, 'npi_exact'),
  ('e0000001-aaaa-bbbb-cccc-000000000001', 'npi_providers',                '2100000001',        1.00, 'npi_exact'),
  ('e0000001-aaaa-bbbb-cccc-000000000001', 'openalex_authors',             'A6100000001',       0.99, 'orcid_exact'),
  ('e0000001-aaaa-bbbb-cccc-000000000001', 'pubmed_articles',              '39100001',          0.97, 'orcid_exact'),
  ('e0000001-aaaa-bbbb-cccc-000000000001', 'fda_bmis',                     'BMIS-2024-21001',   0.96, 'name_exact+ind'),
  ('e0000001-aaaa-bbbb-cccc-000000000001', 'cms_open_payments',            'OP-2023-21010001',  1.00, 'npi_exact'),

  ('e0000002-aaaa-bbbb-cccc-000000000002', 'clinicaltrials_investigators', 'NCT06100002:Chen',  0.99, 'npi_exact'),
  ('e0000002-aaaa-bbbb-cccc-000000000002', 'npi_providers',                '2100000002',        1.00, 'npi_exact'),
  ('e0000002-aaaa-bbbb-cccc-000000000002', 'openalex_authors',             'A6100000002',       0.99, 'orcid_exact'),
  ('e0000002-aaaa-bbbb-cccc-000000000002', 'pubmed_articles',              '39100002',          0.96, 'orcid_exact'),
  ('e0000002-aaaa-bbbb-cccc-000000000002', 'fda_bmis',                     'BMIS-2024-21002',   0.95, 'name_exact+ind'),
  ('e0000002-aaaa-bbbb-cccc-000000000002', 'cms_open_payments',            'OP-2023-21020001',  1.00, 'npi_exact'),

  ('e0000003-aaaa-bbbb-cccc-000000000003', 'ictrp_trials',                 'RUSCTR-2024-AML-001', 0.94, 'name_exact+affiliation'),
  ('e0000003-aaaa-bbbb-cccc-000000000003', 'openalex_authors',             'A6100000003',       0.98, 'orcid_exact'),
  ('e0000003-aaaa-bbbb-cccc-000000000003', 'pubmed_articles',              '39100003',          0.95, 'orcid_exact'),

  ('e0000004-aaaa-bbbb-cccc-000000000004', 'ictrp_trials',                 'JPRN-JapicCTI-2024-0041', 0.96, 'name_exact+affiliation'),
  ('e0000004-aaaa-bbbb-cccc-000000000004', 'openalex_authors',             'A6100000004',       0.99, 'orcid_exact'),
  ('e0000004-aaaa-bbbb-cccc-000000000004', 'pubmed_articles',              '39100004',          0.96, 'orcid_exact'),

  ('e0000005-aaaa-bbbb-cccc-000000000005', 'ictrp_trials',                 'PACTR202311-HIV-CAB', 0.97, 'name_exact+affiliation'),
  ('e0000005-aaaa-bbbb-cccc-000000000005', 'openalex_authors',             'A6100000005',       0.99, 'orcid_exact'),
  ('e0000005-aaaa-bbbb-cccc-000000000005', 'pubmed_articles',              '39100005',          0.97, 'orcid_exact'),

  ('e0000006-aaaa-bbbb-cccc-000000000006', 'ictrp_trials',                 'CTRI-2024-03-065432', 0.93, 'name_exact+affiliation'),
  ('e0000006-aaaa-bbbb-cccc-000000000006', 'openalex_authors',             'A6100000006',       0.98, 'orcid_exact'),
  ('e0000006-aaaa-bbbb-cccc-000000000006', 'pubmed_articles',              '39100006',          0.95, 'orcid_exact'),

  ('e0000007-aaaa-bbbb-cccc-000000000007', 'ictrp_trials',                 'IL-MOH-2023-MEL-220', 0.95, 'name_exact+affiliation'),
  ('e0000007-aaaa-bbbb-cccc-000000000007', 'openalex_authors',             'A6100000007',       0.99, 'orcid_exact'),
  ('e0000007-aaaa-bbbb-cccc-000000000007', 'pubmed_articles',              '39100007',          0.97, 'orcid_exact'),

  ('e0000008-aaaa-bbbb-cccc-000000000008', 'clinicaltrials_investigators', 'NCT06100008:Okonkwo', 0.99, 'npi_exact'),
  ('e0000008-aaaa-bbbb-cccc-000000000008', 'npi_providers',                '2100000008',        1.00, 'npi_exact'),
  ('e0000008-aaaa-bbbb-cccc-000000000008', 'openalex_authors',             'A6100000008',       0.98, 'orcid_exact'),
  ('e0000008-aaaa-bbbb-cccc-000000000008', 'pubmed_articles',              '39100008',          0.95, 'orcid_exact'),
  ('e0000008-aaaa-bbbb-cccc-000000000008', 'fda_bmis',                     'BMIS-2023-20880',   0.95, 'name_exact+ind'),
  ('e0000008-aaaa-bbbb-cccc-000000000008', 'fda_483_letters',              'upmc-okonkwo-2023', 0.90, 'name_exact+institution'),
  ('e0000008-aaaa-bbbb-cccc-000000000008', 'cms_open_payments',            'OP-2023-21080001',  1.00, 'npi_exact'),

  ('e0000009-aaaa-bbbb-cccc-000000000009', 'ictrp_trials',                 'EUCTR2023-MS-IT-004', 0.96, 'name_exact+affiliation'),
  ('e0000009-aaaa-bbbb-cccc-000000000009', 'openalex_authors',             'A6100000009',       0.99, 'orcid_exact'),
  ('e0000009-aaaa-bbbb-cccc-000000000009', 'pubmed_articles',              '39100009',          0.96, 'orcid_exact'),

  ('e000000a-aaaa-bbbb-cccc-00000000000a', 'ictrp_trials',                 'ChiCTR2400080112',  0.95, 'name_exact+affiliation'),
  ('e000000a-aaaa-bbbb-cccc-00000000000a', 'openalex_authors',             'A610000000A',       0.99, 'orcid_exact'),
  ('e000000a-aaaa-bbbb-cccc-00000000000a', 'pubmed_articles',              '39100010',          0.96, 'orcid_exact'),

  ('e000000b-aaaa-bbbb-cccc-00000000000b', 'ictrp_trials',                 'EUCTR2023-SLE-UK-011', 0.95, 'name_exact+affiliation'),
  ('e000000b-aaaa-bbbb-cccc-00000000000b', 'openalex_authors',             'A610000000B',       0.99, 'orcid_exact'),
  ('e000000b-aaaa-bbbb-cccc-00000000000b', 'pubmed_articles',              '39100011',          0.96, 'orcid_exact'),

  ('e000000c-aaaa-bbbb-cccc-00000000000c', 'ictrp_trials',                 'REBEC-RBR-7xk2pq',  0.93, 'name_exact+affiliation'),
  ('e000000c-aaaa-bbbb-cccc-00000000000c', 'openalex_authors',             'A610000000C',       0.98, 'orcid_exact'),
  ('e000000c-aaaa-bbbb-cccc-00000000000c', 'pubmed_articles',              '39100012',          0.94, 'orcid_exact');

-- ── agent_scoring_runs (prior LLM ratings) ───────────────────────────────
insert into agent_scoring_runs (
  investigator_id, rating, reason, model
) values
  ('e0000001-aaaa-bbbb-cccc-000000000001', 93,
   'High fit_score with strong score_institutional at Mass General and deep anti-amyloid credential.', 'gpt-4o-mini'),
  ('e0000002-aaaa-bbbb-cccc-000000000002', 86,
   'Strong HFpEF publication record and responsive status at UCSF.', 'gpt-4o-mini'),
  ('e0000003-aaaa-bbbb-cccc-000000000003', 64,
   'Credible AML niche in Russia, but limited non-US signal breadth and pending status.', 'gpt-4o-mini'),
  ('e0000004-aaaa-bbbb-cccc-000000000004', 83,
   'High score_trajectory in HER2-low gastric cancer with National Cancer Center Japan institutional weight.', 'gpt-4o-mini'),
  ('e0000005-aaaa-bbbb-cccc-000000000005', 90,
   'Exceptional enrollments and velocity_per_year on large PrEP programs; top HIV academic reputation.', 'gpt-4o-mini'),
  ('e0000006-aaaa-bbbb-cccc-000000000006', 79,
   'Large T2D cohorts and strong score_capacity in Indian subcontinent.', 'gpt-4o-mini'),
  ('e0000007-aaaa-bbbb-cccc-000000000007', 88,
   'Strong melanoma track record at Sheba with high citation velocity.', 'gpt-4o-mini'),
  ('e0000008-aaaa-bbbb-cccc-000000000008', 61,
   'US TBI credential with IND experience, but overbooked status and one 483 observation drag on institutional signal.', 'gpt-4o-mini'),
  ('e0000009-aaaa-bbbb-cccc-000000000009', 82,
   'Consistent PPMS real-world data from San Raffaele and strong score_institutional.', 'gpt-4o-mini'),
  ('e000000a-aaaa-bbbb-cccc-00000000000a', 80,
   'High enrollments in HCC with Fudan institutional credential in Chinese oncology.', 'gpt-4o-mini'),
  ('e000000b-aaaa-bbbb-cccc-00000000000b', 79,
   'Reliable UK SLE academic with Imperial College institutional backing.', 'gpt-4o-mini'),
  ('e000000c-aaaa-bbbb-cccc-00000000000c', 70,
   'Rising score_trajectory in Brazilian pediatric neuroblastoma, low enrollments reflect rare-disease cohort size.', 'gpt-4o-mini');
